t,acx,acy,acz,gyx,gyy,gyz,y,M,d,h,m,s,us,t,lat,lon
560,0,0,0,0,0,0,2022,7,2,22,32,20,859363,1,39.493993,-104.760616
560,0,0,0,0,0,0,2022,7,2,22,32,20,859363,1,39.493993,-104.760616
560,0,0,0,0,0,0,2022,7,2,22,32,20,859363,42,39.493993,-104.760616
560,0,0,0,0,0,0,2022,7,2,22,32,20,859363,42,39.493993,-104.760616
560,0,0,0,0,0,0,2022,7,2,22,32,20,859363,42,39.493993,-104.760616
560,0,0,0,0,0,0,2022,7,2,22,32,20,859363,42,39.493993,-104.760616
560,0,0,0,0,0,0,2022,7,2,22,32,20,859363,42,39.493993,-104.760616
560,0,0,0,0,0,0,2022,7,2,22,32,20,859363,42,39.493993,-104.760616
560,0,0,0,0,0,0,2022,7,2,22,32,20,859363,42,39.493993,-104.760616
560,0,0,0,0,0,0,2022,7,2,22,32,21,63851,1,39.493968,-104.760610
560,0,0,0,0,0,0,2022,7,2,22,32,21,63851,1,39.493968,-104.760610
560,0,0,0,0,0,0,2022,7,2,22,32,21,63851,1,39.493968,-104.760610
560,0,0,0,0,0,0,2022,7,2,22,32,21,63851,42,39.493968,-104.760610
560,0,0,0,0,0,0,2022,7,2,22,32,21,63851,42,39.493968,-104.760610
560,0,0,0,0,0,0,2022,7,2,22,32,21,63851,42,39.493968,-104.760610
560,0,0,0,0,0,0,2022,7,2,22,32,21,63851,42,39.493968,-104.760610
560,0,0,0,0,0,0,2022,7,2,22,32,21,63851,42,39.493968,-104.760610
560,0,0,0,0,0,0,2022,7,2,22,32,21,63851,42,39.493968,-104.760610
560,0,0,0,0,0,0,2022,7,2,22,32,21,63851,42,39.493968,-104.760610
560,0,0,0,0,0,0,2022,7,2,22,32,21,267733,1,39.493944,-104.760603
560,0,0,0,0,0,0,2022,7,2,22,32,21,267733,1,39.493944,-104.760603
560,0,0,0,0,0,0,2022,7,2,22,32,21,267733,1,39.493944,-104.760603
560,0,0,0,0,0,0,2022,7,2,22,32,21,267733,42,39.493944,-104.760603
560,0,0,0,0,0,0,2022,7,2,22,32,21,267733,42,39.493944,-104.760603
560,0,0,0,0,0,0,2022,7,2,22,32,21,267733,42,39.493944,-104.760603
560,0,0,0,0,0,0,2022,7,2,22,32,21,267733,42,39.493944,-104.760603
560,0,0,0,0,0,0,2022,7,2,22,32,21,267733,42,39.493944,-104.760603
560,0,0,0,0,0,0,2022,7,2,22,32,21,267733,42,39.493944,-104.760603
560,0,0,0,0,0,0,2022,7,2,22,32,21,267733,42,39.493944,-104.760603
560,0,0,0,0,0,0,2022,7,2,22,32,21,472005,1,39.493920,-104.760596
560,0,0,0,0,0,0,2022,7,2,22,32,21,472005,1,39.493920,-104.760596
561,0,0,0,0,0,0,2022,7,2,22,32,21,472005,1,39.493920,-104.760596
561,0,0,0,0,0,0,2022,7,2,22,32,21,472005,42,39.493920,-104.760596
561,0,0,0,0,0,0,2022,7,2,22,32,21,472005,42,39.493920,-104.760596
561,0,0,0,0,0,0,2022,7,2,22,32,21,472005,42,39.493920,-104.760596
561,0,0,0,0,0,0,2022,7,2,22,32,21,472005,42,39.493920,-104.760596
561,0,0,0,0,0,0,2022,7,2,22,32,21,472005,42,39.493920,-104.760596
561,0,0,0,0,0,0,2022,7,2,22,32,21,472005,42,39.493920,-104.760596
561,0,0,0,0,0,0,2022,7,2,22,32,21,472005,42,39.493920,-104.760596
561,0,0,0,0,0,0,2022,7,2,22,32,21,472005,42,39.493920,-104.760596
561,0,0,0,0,0,0,2022,7,2,22,32,21,675741,1,39.493896,-104.760590
561,0,0,0,0,0,0,2022,7,2,22,32,21,675741,1,39.493896,-104.760590
561,0,0,0,0,0,0,2022,7,2,22,32,21,675741,42,39.493896,-104.760590
561,0,0,0,0,0,0,2022,7,2,22,32,21,675741,42,39.493896,-104.760590
561,0,0,0,0,0,0,2022,7,2,22,32,21,675741,42,39.493896,-104.760590
561,0,0,0,0,0,0,2022,7,2,22,32,21,675741,42,39.493896,-104.760590
561,0,0,0,0,0,0,2022,7,2,22,32,21,675741,42,39.493896,-104.760590
561,0,0,0,0,0,0,2022,7,2,22,32,21,675741,42,39.493896,-104.760590
561,0,0,0,0,0,0,2022,7,2,22,32,21,675741,42,39.493896,-104.760590
561,0,0,0,0,0,0,2022,7,2,22,32,21,675741,42,39.493896,-104.760590
561,0,0,0,0,0,0,2022,7,2,22,32,21,884861,1,39.493872,-104.760583
561,0,0,0,0,0,0,2022,7,2,22,32,21,884861,1,39.493872,-104.760583
561,0,0,0,0,0,0,2022,7,2,22,32,21,884861,1,39.493872,-104.760583
561,0,0,0,0,0,0,2022,7,2,22,32,21,884861,42,39.493872,-104.760583
561,0,0,0,0,0,0,2022,7,2,22,32,21,884861,42,39.493872,-104.760583
561,0,0,0,0,0,0,2022,7,2,22,32,21,884861,42,39.493872,-104.760583
561,0,0,0,0,0,0,2022,7,2,22,32,21,884861,42,39.493872,-104.760583
561,0,0,0,0,0,0,2022,7,2,22,32,21,884861,42,39.493872,-104.760583
561,0,0,0,0,0,0,2022,7,2,22,32,21,884861,42,39.493872,-104.760583
561,0,0,0,0,0,0,2022,7,2,22,32,21,884861,42,39.493872,-104.760583
561,0,0,0,0,0,0,2022,7,2,22,32,22,84138,1,39.493849,-104.760578
561,0,0,0,0,0,0,2022,7,2,22,32,22,84138,1,39.493849,-104.760578
561,0,0,0,0,0,0,2022,7,2,22,32,22,84138,1,39.493849,-104.760578
561,0,0,0,0,0,0,2022,7,2,22,32,22,84138,42,39.493849,-104.760578
561,0,0,0,0,0,0,2022,7,2,22,32,22,84138,42,39.493849,-104.760578
561,0,0,0,0,0,0,2022,7,2,22,32,22,84138,42,39.493849,-104.760578
561,0,0,0,0,0,0,2022,7,2,22,32,22,84138,42,39.493849,-104.760578
561,0,0,0,0,0,0,2022,7,2,22,32,22,84138,42,39.493849,-104.760578
561,0,0,0,0,0,0,2022,7,2,22,32,22,84138,42,39.493849,-104.760578
561,0,0,0,0,0,0,2022,7,2,22,32,22,84138,42,39.493849,-104.760578
561,0,0,0,0,0,0,2022,7,2,22,32,22,288410,1,39.493825,-104.760574
561,0,0,0,0,0,0,2022,7,2,22,32,22,288410,1,39.493825,-104.760574
561,0,0,0,0,0,0,2022,7,2,22,32,22,288410,1,39.493825,-104.760574
561,0,0,0,0,0,0,2022,7,2,22,32,22,288410,1,39.493825,-104.760574
561,0,0,0,0,0,0,2022,7,2,22,32,22,288410,1,39.493825,-104.760574
561,0,0,0,0,0,0,2022,7,2,22,32,22,388661,1,39.493802,-104.760570
561,0,0,0,0,0,0,2022,7,2,22,32,22,388661,1,39.493802,-104.760570
561,0,0,0,0,0,0,2022,7,2,22,32,22,388661,1,39.493802,-104.760570
561,0,0,0,0,0,0,2022,7,2,22,32,22,388661,42,39.493802,-104.760570
561,0,0,0,0,0,0,2022,7,2,22,32,22,388661,42,39.493802,-104.760570
561,0,0,0,0,0,0,2022,7,2,22,32,22,388661,42,39.493802,-104.760570
562,0,0,0,0,0,0,2022,7,2,22,32,22,388661,42,39.493802,-104.760570
562,0,0,0,0,0,0,2022,7,2,22,32,22,388661,42,39.493802,-104.760570
562,0,0,0,0,0,0,2022,7,2,22,32,22,388661,42,39.493802,-104.760570
562,0,0,0,0,0,0,2022,7,2,22,32,22,388661,42,39.493802,-104.760570
562,0,0,0,0,0,0,2022,7,2,22,32,22,388661,42,39.493802,-104.760570
562,0,0,0,0,0,0,2022,7,2,22,32,22,594158,1,39.493778,-104.760566
562,0,0,0,0,0,0,2022,7,2,22,32,22,594158,1,39.493778,-104.760566
562,0,0,0,0,0,0,2022,7,2,22,32,22,594158,42,39.493778,-104.760566
562,0,0,0,0,0,0,2022,7,2,22,32,22,594158,42,39.493778,-104.760566
562,0,0,0,0,0,0,2022,7,2,22,32,22,594158,42,39.493778,-104.760566
562,0,0,0,0,0,0,2022,7,2,22,32,22,594158,42,39.493778,-104.760566
562,0,0,0,0,0,0,2022,7,2,22,32,22,594158,42,39.493778,-104.760566
562,0,0,0,0,0,0,2022,7,2,22,32,22,594158,42,39.493778,-104.760566
562,0,0,0,0,0,0,2022,7,2,22,32,22,594158,42,39.493778,-104.760566
562,0,0,0,0,0,0,2022,7,2,22,32,22,594158,42,39.493778,-104.760566
562,0,0,0,0,0,0,2022,7,2,22,32,22,798256,1,39.493755,-104.760561
562,0,0,0,0,0,0,2022,7,2,22,32,22,798256,1,39.493755,-104.760561
562,0,0,0,0,0,0,2022,7,2,22,32,22,798256,1,39.493755,-104.760561
562,0,0,0,0,0,0,2022,7,2,22,32,22,798256,42,39.493755,-104.760561
562,0,0,0,0,0,0,2022,7,2,22,32,22,798256,42,39.493755,-104.760561
562,0,0,0,0,0,0,2022,7,2,22,32,22,798256,42,39.493755,-104.760561
562,0,0,0,0,0,0,2022,7,2,22,32,22,798256,42,39.493755,-104.760561
562,0,0,0,0,0,0,2022,7,2,22,32,22,798256,42,39.493755,-104.760561
562,0,0,0,0,0,0,2022,7,2,22,32,22,798256,42,39.493755,-104.760561
562,0,0,0,0,0,0,2022,7,2,22,32,22,798256,42,39.493755,-104.760561
562,0,0,0,0,0,0,2022,7,2,22,32,23,2956,1,39.493733,-104.760556
562,0,0,0,0,0,0,2022,7,2,22,32,23,2956,1,39.493733,-104.760556
562,0,0,0,0,0,0,2022,7,2,22,32,23,2956,1,39.493733,-104.760556
562,0,0,0,0,0,0,2022,7,2,22,32,23,2956,42,39.493733,-104.760556
562,0,0,0,0,0,0,2022,7,2,22,32,23,2956,42,39.493733,-104.760556
562,0,0,0,0,0,0,2022,7,2,22,32,23,2956,42,39.493733,-104.760556
562,0,0,0,0,0,0,2022,7,2,22,32,23,2956,42,39.493733,-104.760556
562,0,0,0,0,0,0,2022,7,2,22,32,23,2956,42,39.493733,-104.760556
562,0,0,0,0,0,0,2022,7,2,22,32,23,2956,42,39.493733,-104.760556
562,0,0,0,0,0,0,2022,7,2,22,32,23,2956,42,39.493733,-104.760556
562,0,0,0,0,0,0,2022,7,2,22,32,23,207324,1,39.493712,-104.760552
562,0,0,0,0,0,0,2022,7,2,22,32,23,207324,1,39.493712,-104.760552
562,0,0,0,0,0,0,2022,7,2,22,32,23,207324,1,39.493712,-104.760552
562,0,0,0,0,0,0,2022,7,2,22,32,23,207324,42,39.493712,-104.760552
562,0,0,0,0,0,0,2022,7,2,22,32,23,207324,42,39.493712,-104.760552
562,0,0,0,0,0,0,2022,7,2,22,32,23,207324,42,39.493712,-104.760552
562,0,0,0,0,0,0,2022,7,2,22,32,23,207324,42,39.493712,-104.760552
562,0,0,0,0,0,0,2022,7,2,22,32,23,207324,42,39.493712,-104.760552
562,0,0,0,0,0,0,2022,7,2,22,32,23,207324,42,39.493712,-104.760552
562,0,0,0,0,0,0,2022,7,2,22,32,23,207324,42,39.493712,-104.760552
562,0,0,0,0,0,0,2022,7,2,22,32,23,412028,1,39.493691,-104.760548
562,0,0,0,0,0,0,2022,7,2,22,32,23,412028,1,39.493691,-104.760548
562,0,0,0,0,0,0,2022,7,2,22,32,23,412028,1,39.493691,-104.760548
562,0,0,0,0,0,0,2022,7,2,22,32,23,412028,42,39.493691,-104.760548
562,0,0,0,0,0,0,2022,7,2,22,32,23,412028,42,39.493691,-104.760548
563,0,0,0,0,0,0,2022,7,2,22,32,23,412028,42,39.493691,-104.760548
563,0,0,0,0,0,0,2022,7,2,22,32,23,412028,42,39.493691,-104.760548
563,0,0,0,0,0,0,2022,7,2,22,32,23,412028,42,39.493691,-104.760548
563,0,0,0,0,0,0,2022,7,2,22,32,23,412028,42,39.493691,-104.760548
563,0,0,0,0,0,0,2022,7,2,22,32,23,412028,42,39.493691,-104.760548
563,0,0,0,0,0,0,2022,7,2,22,32,23,412028,42,39.493691,-104.760548
563,0,0,0,0,0,0,2022,7,2,22,32,23,616335,1,39.493669,-104.760544
563,0,0,0,0,0,0,2022,7,2,22,32,23,616335,1,39.493669,-104.760544
563,0,0,0,0,0,0,2022,7,2,22,32,23,616335,42,39.493669,-104.760544
563,0,0,0,0,0,0,2022,7,2,22,32,23,616335,42,39.493669,-104.760544
563,0,0,0,0,0,0,2022,7,2,22,32,23,616335,42,39.493669,-104.760544
563,0,0,0,0,0,0,2022,7,2,22,32,23,616335,42,39.493669,-104.760544
563,0,0,0,0,0,0,2022,7,2,22,32,23,616335,42,39.493669,-104.760544
563,0,0,0,0,0,0,2022,7,2,22,32,23,616335,42,39.493669,-104.760544
563,0,0,0,0,0,0,2022,7,2,22,32,23,616335,42,39.493669,-104.760544
563,0,0,0,0,0,0,2022,7,2,22,32,23,616335,42,39.493669,-104.760544
563,0,0,0,0,0,0,2022,7,2,22,32,23,821074,1,39.493649,-104.760541
563,0,0,0,0,0,0,2022,7,2,22,32,23,821074,1,39.493649,-104.760541
563,0,0,0,0,0,0,2022,7,2,22,32,23,821074,1,39.493649,-104.760541
563,0,0,0,0,0,0,2022,7,2,22,32,23,821074,42,39.493649,-104.760541
563,0,0,0,0,0,0,2022,7,2,22,32,23,821074,42,39.493649,-104.760541
563,0,0,0,0,0,0,2022,7,2,22,32,23,821074,42,39.493649,-104.760541
563,0,0,0,0,0,0,2022,7,2,22,32,23,821074,42,39.493649,-104.760541
563,0,0,0,0,0,0,2022,7,2,22,32,23,821074,42,39.493649,-104.760541
563,0,0,0,0,0,0,2022,7,2,22,32,23,821074,42,39.493649,-104.760541
563,0,0,0,0,0,0,2022,7,2,22,32,23,821074,42,39.493649,-104.760541
563,0,0,0,0,0,0,2022,7,2,22,32,24,25133,1,39.493627,-104.760537
563,0,0,0,0,0,0,2022,7,2,22,32,24,25133,1,39.493627,-104.760537
563,0,0,0,0,0,0,2022,7,2,22,32,24,25133,1,39.493627,-104.760537
563,0,0,0,0,0,0,2022,7,2,22,32,24,25133,42,39.493627,-104.760537
563,0,0,0,0,0,0,2022,7,2,22,32,24,25133,42,39.493627,-104.760537
563,0,0,0,0,0,0,2022,7,2,22,32,24,25133,42,39.493627,-104.760537
563,0,0,0,0,0,0,2022,7,2,22,32,24,25133,42,39.493627,-104.760537
563,0,0,0,0,0,0,2022,7,2,22,32,24,25133,42,39.493627,-104.760537
563,0,0,0,0,0,0,2022,7,2,22,32,24,25133,42,39.493627,-104.760537
563,0,0,0,0,0,0,2022,7,2,22,32,24,25133,42,39.493627,-104.760537
563,0,0,0,0,0,0,2022,7,2,22,32,24,229531,1,39.493612,-104.760534
563,0,0,0,0,0,0,2022,7,2,22,32,24,229531,1,39.493612,-104.760534
563,0,0,0,0,0,0,2022,7,2,22,32,24,229531,1,39.493612,-104.760534
563,0,0,0,0,0,0,2022,7,2,22,32,24,229531,42,39.493612,-104.760534
563,0,0,0,0,0,0,2022,7,2,22,32,24,229531,42,39.493612,-104.760534
563,0,0,0,0,0,0,2022,7,2,22,32,24,229531,42,39.493612,-104.760534
563,0,0,0,0,0,0,2022,7,2,22,32,24,229531,42,39.493612,-104.760534
563,0,0,0,0,0,0,2022,7,2,22,32,24,229531,42,39.493612,-104.760534
563,0,0,0,0,0,0,2022,7,2,22,32,24,229531,42,39.493612,-104.760534
563,0,0,0,0,0,0,2022,7,2,22,32,24,229531,42,39.493612,-104.760534
563,0,0,0,0,0,0,2022,7,2,22,32,24,229531,42,39.493612,-104.760534
563,0,0,0,0,0,0,2022,7,2,22,32,24,433778,1,39.493592,-104.760531
563,0,0,0,0,0,0,2022,7,2,22,32,24,433778,1,39.493592,-104.760531
563,0,0,0,0,0,0,2022,7,2,22,32,24,433778,42,39.493592,-104.760531
564,0,0,0,0,0,0,2022,7,2,22,32,24,433778,42,39.493592,-104.760531
564,0,0,0,0,0,0,2022,7,2,22,32,24,433778,42,39.493592,-104.760531
564,0,0,0,0,0,0,2022,7,2,22,32,24,433778,42,39.493592,-104.760531
564,0,0,0,0,0,0,2022,7,2,22,32,24,433778,42,39.493592,-104.760531
564,0,0,0,0,0,0,2022,7,2,22,32,24,433778,42,39.493592,-104.760531
564,0,0,0,0,0,0,2022,7,2,22,32,24,433778,42,39.493592,-104.760531
564,0,0,0,0,0,0,2022,7,2,22,32,24,433778,42,39.493592,-104.760531
564,0,0,0,0,0,0,2022,7,2,22,32,24,638329,1,39.493573,-104.760527
564,0,0,0,0,0,0,2022,7,2,22,32,24,638329,1,39.493573,-104.760527
564,0,0,0,0,0,0,2022,7,2,22,32,24,638329,1,39.493573,-104.760527
564,0,0,0,0,0,0,2022,7,2,22,32,24,638329,42,39.493573,-104.760527
564,0,0,0,0,0,0,2022,7,2,22,32,24,638329,42,39.493573,-104.760527
564,0,0,0,0,0,0,2022,7,2,22,32,24,638329,42,39.493573,-104.760527
564,0,0,0,0,0,0,2022,7,2,22,32,24,638329,42,39.493573,-104.760527
564,0,0,0,0,0,0,2022,7,2,22,32,24,638329,42,39.493573,-104.760527
564,0,0,0,0,0,0,2022,7,2,22,32,24,638329,42,39.493573,-104.760527
564,0,0,0,0,0,0,2022,7,2,22,32,24,638329,42,39.493573,-104.760527
564,0,0,0,0,0,0,2022,7,2,22,32,24,842732,1,39.493555,-104.760522
564,0,0,0,0,0,0,2022,7,2,22,32,24,842732,1,39.493555,-104.760522
564,0,0,0,0,0,0,2022,7,2,22,32,24,842732,1,39.493555,-104.760522
564,0,0,0,0,0,0,2022,7,2,22,32,24,842732,42,39.493555,-104.760522
564,0,0,0,0,0,0,2022,7,2,22,32,24,842732,42,39.493555,-104.760522
564,0,0,0,0,0,0,2022,7,2,22,32,24,842732,42,39.493555,-104.760522
564,0,0,0,0,0,0,2022,7,2,22,32,24,842732,42,39.493555,-104.760522
564,0,0,0,0,0,0,2022,7,2,22,32,24,842732,42,39.493555,-104.760522
564,0,0,0,0,0,0,2022,7,2,22,32,24,842732,42,39.493555,-104.760522
564,0,0,0,0,0,0,2022,7,2,22,32,24,842732,42,39.493555,-104.760522
564,0,0,0,0,0,0,2022,7,2,22,32,25,47401,1,39.493539,-104.760515
564,0,0,0,0,0,0,2022,7,2,22,32,25,47401,1,39.493539,-104.760515
564,0,0,0,0,0,0,2022,7,2,22,32,25,47401,1,39.493539,-104.760515
564,0,0,0,0,0,0,2022,7,2,22,32,25,47401,42,39.493539,-104.760515
564,0,0,0,0,0,0,2022,7,2,22,32,25,47401,42,39.493539,-104.760515
564,0,0,0,0,0,0,2022,7,2,22,32,25,47401,42,39.493539,-104.760515
564,0,0,0,0,0,0,2022,7,2,22,32,25,47401,42,39.493539,-104.760515
564,0,0,0,0,0,0,2022,7,2,22,32,25,47401,42,39.493539,-104.760515
564,0,0,0,0,0,0,2022,7,2,22,32,25,47401,42,39.493539,-104.760515
564,0,0,0,0,0,0,2022,7,2,22,32,25,47401,42,39.493539,-104.760515
564,0,0,0,0,0,0,2022,7,2,22,32,25,251403,1,39.493524,-104.760510
564,0,0,0,0,0,0,2022,7,2,22,32,25,251403,1,39.493524,-104.760510
564,0,0,0,0,0,0,2022,7,2,22,32,25,251403,1,39.493524,-104.760510
564,0,0,0,0,0,0,2022,7,2,22,32,25,251403,42,39.493524,-104.760510
564,0,0,0,0,0,0,2022,7,2,22,32,25,251403,42,39.493524,-104.760510
564,0,0,0,0,0,0,2022,7,2,22,32,25,251403,42,39.493524,-104.760510
564,0,0,0,0,0,0,2022,7,2,22,32,25,251403,42,39.493524,-104.760510
564,0,0,0,0,0,0,2022,7,2,22,32,25,251403,42,39.493524,-104.760510
564,0,0,0,0,0,0,2022,7,2,22,32,25,251403,42,39.493524,-104.760510
564,0,0,0,0,0,0,2022,7,2,22,32,25,251403,42,39.493524,-104.760510
564,0,0,0,0,0,0,2022,7,2,22,32,25,251403,42,39.493524,-104.760510
564,0,0,0,0,0,0,2022,7,2,22,32,25,455741,1,39.493508,-104.760505
564,0,0,0,0,0,0,2022,7,2,22,32,25,455741,1,39.493508,-104.760505
565,0,0,0,0,0,0,2022,7,2,22,32,25,455741,1,39.493508,-104.760505
565,0,0,0,0,0,0,2022,7,2,22,32,25,455741,42,39.493508,-104.760505
565,0,0,0,0,0,0,2022,7,2,22,32,25,455741,42,39.493508,-104.760505
565,0,0,0,0,0,0,2022,7,2,22,32,25,455741,42,39.493508,-104.760505
565,0,0,0,0,0,0,2022,7,2,22,32,25,455741,42,39.493508,-104.760505
565,0,0,0,0,0,0,2022,7,2,22,32,25,455741,42,39.493508,-104.760505
565,0,0,0,0,0,0,2022,7,2,22,32,25,455741,42,39.493508,-104.760505
565,0,0,0,0,0,0,2022,7,2,22,32,25,455741,42,39.493508,-104.760505
565,0,0,0,0,0,0,2022,7,2,22,32,25,659865,1,39.493491,-104.760500
565,0,0,0,0,0,0,2022,7,2,22,32,25,659865,1,39.493491,-104.760500
565,0,0,0,0,0,0,2022,7,2,22,32,25,659865,1,39.493491,-104.760500
565,0,0,0,0,0,0,2022,7,2,22,32,25,659865,42,39.493491,-104.760500
565,0,0,0,0,0,0,2022,7,2,22,32,25,659865,42,39.493491,-104.760500
565,0,0,0,0,0,0,2022,7,2,22,32,25,659865,42,39.493491,-104.760500
565,0,0,0,0,0,0,2022,7,2,22,32,25,659865,42,39.493491,-104.760500
565,0,0,0,0,0,0,2022,7,2,22,32,25,659865,42,39.493491,-104.760500
565,0,0,0,0,0,0,2022,7,2,22,32,25,659865,42,39.493491,-104.760500
565,0,0,0,0,0,0,2022,7,2,22,32,25,659865,42,39.493491,-104.760500
565,0,0,0,0,0,0,2022,7,2,22,32,25,863989,1,39.493475,-104.760495
565,0,0,0,0,0,0,2022,7,2,22,32,25,863989,1,39.493475,-104.760495
565,0,0,0,0,0,0,2022,7,2,22,32,25,863989,1,39.493475,-104.760495
565,0,0,0,0,0,0,2022,7,2,22,32,25,863989,42,39.493475,-104.760495
565,0,0,0,0,0,0,2022,7,2,22,32,25,863989,42,39.493475,-104.760495
565,0,0,0,0,0,0,2022,7,2,22,32,25,863989,42,39.493475,-104.760495
565,0,0,0,0,0,0,2022,7,2,22,32,25,863989,42,39.493475,-104.760495
565,0,0,0,0,0,0,2022,7,2,22,32,25,863989,42,39.493475,-104.760495
565,0,0,0,0,0,0,2022,7,2,22,32,25,863989,42,39.493475,-104.760495
565,0,0,0,0,0,0,2022,7,2,22,32,25,863989,42,39.493475,-104.760495
565,0,0,0,0,0,0,2022,7,2,22,32,26,68235,1,39.493459,-104.760490
565,0,0,0,0,0,0,2022,7,2,22,32,26,68235,1,39.493459,-104.760490
565,0,0,0,0,0,0,2022,7,2,22,32,26,68235,1,39.493459,-104.760490
565,0,0,0,0,0,0,2022,7,2,22,32,26,68235,42,39.493459,-104.760490
565,0,0,0,0,0,0,2022,7,2,22,32,26,68235,42,39.493459,-104.760490
565,0,0,0,0,0,0,2022,7,2,22,32,26,68235,42,39.493459,-104.760490
565,0,0,0,0,0,0,2022,7,2,22,32,26,68235,42,39.493459,-104.760490
565,0,0,0,0,0,0,2022,7,2,22,32,26,68235,42,39.493459,-104.760490
565,0,0,0,0,0,0,2022,7,2,22,32,26,68235,42,39.493459,-104.760490
565,0,0,0,0,0,0,2022,7,2,22,32,26,68235,42,39.493459,-104.760490
565,0,0,0,0,0,0,2022,7,2,22,32,26,272634,1,39.493442,-104.760485
565,0,0,0,0,0,0,2022,7,2,22,32,26,272634,1,39.493442,-104.760485
565,0,0,0,0,0,0,2022,7,2,22,32,26,272634,1,39.493442,-104.760485
565,0,0,0,0,0,0,2022,7,2,22,32,26,272634,42,39.493442,-104.760485
565,0,0,0,0,0,0,2022,7,2,22,32,26,272634,42,39.493442,-104.760485
565,0,0,0,0,0,0,2022,7,2,22,32,26,272634,42,39.493442,-104.760485
565,0,0,0,0,0,0,2022,7,2,22,32,26,272634,42,39.493442,-104.760485
565,0,0,0,0,0,0,2022,7,2,22,32,26,272634,42,39.493442,-104.760485
565,0,0,0,0,0,0,2022,7,2,22,32,26,272634,42,39.493442,-104.760485
565,0,0,0,0,0,0,2022,7,2,22,32,26,272634,42,39.493442,-104.760485
565,0,0,0,0,0,0,2022,7,2,22,32,26,272634,42,39.493442,-104.760485
565,0,0,0,0,0,0,2022,7,2,22,32,26,476270,1,39.493425,-104.760480
566,0,0,0,0,0,0,2022,7,2,22,32,26,476270,1,39.493425,-104.760480
566,0,0,0,0,0,0,2022,7,2,22,32,26,476270,42,39.493425,-104.760480
566,0,0,0,0,0,0,2022,7,2,22,32,26,476270,42,39.493425,-104.760480
566,0,0,0,0,0,0,2022,7,2,22,32,26,476270,42,39.493425,-104.760480
566,0,0,0,0,0,0,2022,7,2,22,32,26,476270,42,39.493425,-104.760480
566,0,0,0,0,0,0,2022,7,2,22,32,26,476270,42,39.493425,-104.760480
566,0,0,0,0,0,0,2022,7,2,22,32,26,476270,42,39.493425,-104.760480
566,0,0,0,0,0,0,2022,7,2,22,32,26,476270,42,39.493425,-104.760480
566,0,0,0,0,0,0,2022,7,2,22,32,26,476270,42,39.493425,-104.760480
566,0,0,0,0,0,0,2022,7,2,22,32,26,680699,1,39.493409,-104.760476
566,0,0,0,0,0,0,2022,7,2,22,32,26,680699,1,39.493409,-104.760476
566,0,0,0,0,0,0,2022,7,2,22,32,26,680699,1,39.493409,-104.760476
566,0,0,0,0,0,0,2022,7,2,22,32,26,680699,42,39.493409,-104.760476
566,0,0,0,0,0,0,2022,7,2,22,32,26,680699,42,39.493409,-104.760476
566,0,0,0,0,0,0,2022,7,2,22,32,26,680699,42,39.493409,-104.760476
566,0,0,0,0,0,0,2022,7,2,22,32,26,680699,42,39.493409,-104.760476
566,0,0,0,0,0,0,2022,7,2,22,32,26,680699,42,39.493409,-104.760476
566,0,0,0,0,0,0,2022,7,2,22,32,26,680699,42,39.493409,-104.760476
566,0,0,0,0,0,0,2022,7,2,22,32,26,680699,42,39.493409,-104.760476
566,0,0,0,0,0,0,2022,7,2,22,32,26,884793,1,39.493393,-104.760472
566,0,0,0,0,0,0,2022,7,2,22,32,26,884793,1,39.493393,-104.760472
566,0,0,0,0,0,0,2022,7,2,22,32,26,884793,1,39.493393,-104.760472
566,0,0,0,0,0,0,2022,7,2,22,32,26,884793,42,39.493393,-104.760472
566,0,0,0,0,0,0,2022,7,2,22,32,26,884793,42,39.493393,-104.760472
566,0,0,0,0,0,0,2022,7,2,22,32,26,884793,42,39.493393,-104.760472
566,0,0,0,0,0,0,2022,7,2,22,32,26,884793,42,39.493393,-104.760472
566,0,0,0,0,0,0,2022,7,2,22,32,26,884793,42,39.493393,-104.760472
566,0,0,0,0,0,0,2022,7,2,22,32,26,884793,42,39.493393,-104.760472
566,0,0,0,0,0,0,2022,7,2,22,32,26,884793,42,39.493393,-104.760472
566,0,0,0,0,0,0,2022,7,2,22,32,27,89344,1,39.493378,-104.760468
566,0,0,0,0,0,0,2022,7,2,22,32,27,89344,1,39.493378,-104.760468
566,0,0,0,0,0,0,2022,7,2,22,32,27,89344,1,39.493378,-104.760468
566,0,0,0,0,0,0,2022,7,2,22,32,27,89344,1,39.493378,-104.760468
566,0,0,0,0,0,0,2022,7,2,22,32,27,89344,1,39.493378,-104.760468
566,0,0,0,0,0,0,2022,7,2,22,32,27,189677,1,39.493362,-104.760464
566,0,0,0,0,0,0,2022,7,2,22,32,27,189677,1,39.493362,-104.760464
566,0,0,0,0,0,0,2022,7,2,22,32,27,189677,1,39.493362,-104.760464
566,0,0,0,0,0,0,2022,7,2,22,32,27,189677,42,39.493362,-104.760464
566,0,0,0,0,0,0,2022,7,2,22,32,27,189677,42,39.493362,-104.760464
566,0,0,0,0,0,0,2022,7,2,22,32,27,189677,42,39.493362,-104.760464
566,0,0,0,0,0,0,2022,7,2,22,32,27,189677,42,39.493362,-104.760464
566,0,0,0,0,0,0,2022,7,2,22,32,27,189677,42,39.493362,-104.760464
566,0,0,0,0,0,0,2022,7,2,22,32,27,189677,42,39.493362,-104.760464
566,0,0,0,0,0,0,2022,7,2,22,32,27,189677,42,39.493362,-104.760464
566,0,0,0,0,0,0,2022,7,2,22,32,27,189677,42,39.493362,-104.760464
566,0,0,0,0,0,0,2022,7,2,22,32,27,394771,1,39.493347,-104.760460
566,0,0,0,0,0,0,2022,7,2,22,32,27,394771,1,39.493347,-104.760460
566,0,0,0,0,0,0,2022,7,2,22,32,27,394771,42,39.493347,-104.760460
566,0,0,0,0,0,0,2022,7,2,22,32,27,394771,42,39.493347,-104.760460
566,0,0,0,0,0,0,2022,7,2,22,32,27,394771,42,39.493347,-104.760460
567,0,0,0,0,0,0,2022,7,2,22,32,27,394771,42,39.493347,-104.760460
567,0,0,0,0,0,0,2022,7,2,22,32,27,394771,42,39.493347,-104.760460
567,0,0,0,0,0,0,2022,7,2,22,32,27,394771,42,39.493347,-104.760460
567,0,0,0,0,0,0,2022,7,2,22,32,27,394771,42,39.493347,-104.760460
567,0,0,0,0,0,0,2022,7,2,22,32,27,394771,42,39.493347,-104.760460
567,0,0,0,0,0,0,2022,7,2,22,32,27,599485,1,39.493333,-104.760458
567,0,0,0,0,0,0,2022,7,2,22,32,27,599485,1,39.493333,-104.760458
567,0,0,0,0,0,0,2022,7,2,22,32,27,599485,1,39.493333,-104.760458
567,0,0,0,0,0,0,2022,7,2,22,32,27,599485,42,39.493333,-104.760458
567,0,0,0,0,0,0,2022,7,2,22,32,27,599485,42,39.493333,-104.760458
567,0,0,0,0,0,0,2022,7,2,22,32,27,599485,42,39.493333,-104.760458
567,0,0,0,0,0,0,2022,7,2,22,32,27,599485,42,39.493333,-104.760458
567,0,0,0,0,0,0,2022,7,2,22,32,27,599485,42,39.493333,-104.760458
567,0,0,0,0,0,0,2022,7,2,22,32,27,599485,42,39.493333,-104.760458
567,0,0,0,0,0,0,2022,7,2,22,32,27,599485,42,39.493333,-104.760458
567,0,0,0,0,0,0,2022,7,2,22,32,27,803916,1,39.493320,-104.760460
567,0,0,0,0,0,0,2022,7,2,22,32,27,803916,1,39.493320,-104.760460
567,0,0,0,0,0,0,2022,7,2,22,32,27,803916,1,39.493320,-104.760460
567,0,0,0,0,0,0,2022,7,2,22,32,27,803916,42,39.493320,-104.760460
567,0,0,0,0,0,0,2022,7,2,22,32,27,803916,42,39.493320,-104.760460
567,0,0,0,0,0,0,2022,7,2,22,32,27,803916,42,39.493320,-104.760460
567,0,0,0,0,0,0,2022,7,2,22,32,27,803916,42,39.493320,-104.760460
567,0,0,0,0,0,0,2022,7,2,22,32,27,803916,42,39.493320,-104.760460
567,0,0,0,0,0,0,2022,7,2,22,32,27,803916,42,39.493320,-104.760460
567,0,0,0,0,0,0,2022,7,2,22,32,27,803916,42,39.493320,-104.760460
567,0,0,0,0,0,0,2022,7,2,22,32,27,803916,42,39.493320,-104.760460
567,0,0,0,0,0,0,2022,7,2,22,32,28,13376,1,39.493306,-104.760461
567,0,0,0,0,0,0,2022,7,2,22,32,28,13376,1,39.493306,-104.760461
567,0,0,0,0,0,0,2022,7,2,22,32,28,13376,42,39.493306,-104.760461
567,0,0,0,0,0,0,2022,7,2,22,32,28,13376,42,39.493306,-104.760461
567,0,0,0,0,0,0,2022,7,2,22,32,28,13376,42,39.493306,-104.760461
567,0,0,0,0,0,0,2022,7,2,22,32,28,13376,42,39.493306,-104.760461
567,0,0,0,0,0,0,2022,7,2,22,32,28,13376,42,39.493306,-104.760461
567,0,0,0,0,0,0,2022,7,2,22,32,28,13376,42,39.493306,-104.760461
567,0,0,0,0,0,0,2022,7,2,22,32,28,13376,42,39.493306,-104.760461
567,0,0,0,0,0,0,2022,7,2,22,32,28,13376,42,39.493306,-104.760461
567,0,0,0,0,0,0,2022,7,2,22,32,28,212957,1,39.493293,-104.760463
567,0,0,0,0,0,0,2022,7,2,22,32,28,212957,1,39.493293,-104.760463
567,0,0,0,0,0,0,2022,7,2,22,32,28,212957,42,39.493293,-104.760463
567,0,0,0,0,0,0,2022,7,2,22,32,28,212957,42,39.493293,-104.760463
567,0,0,0,0,0,0,2022,7,2,22,32,28,212957,42,39.493293,-104.760463
567,0,0,0,0,0,0,2022,7,2,22,32,28,212957,42,39.493293,-104.760463
567,0,0,0,0,0,0,2022,7,2,22,32,28,212957,42,39.493293,-104.760463
567,0,0,0,0,0,0,2022,7,2,22,32,28,212957,42,39.493293,-104.760463
567,0,0,0,0,0,0,2022,7,2,22,32,28,212957,42,39.493293,-104.760463
567,0,0,0,0,0,0,2022,7,2,22,32,28,212957,42,39.493293,-104.760463
567,0,0,0,0,0,0,2022,7,2,22,32,28,417504,1,39.493282,-104.760467
567,0,0,0,0,0,0,2022,7,2,22,32,28,417504,1,39.493282,-104.760467
567,0,0,0,0,0,0,2022,7,2,22,32,28,417504,42,39.493282,-104.760467
567,0,0,0,0,0,0,2022,7,2,22,32,28,417504,42,39.493282,-104.760467
568,0,0,0,0,0,0,2022,7,2,22,32,28,417504,42,39.493282,-104.760467
568,0,0,0,0,0,0,2022,7,2,22,32,28,417504,42,39.493282,-104.760467
568,0,0,0,0,0,0,2022,7,2,22,32,28,417504,42,39.493282,-104.760467
568,0,0,0,0,0,0,2022,7,2,22,32,28,417504,42,39.493282,-104.760467
568,0,0,0,0,0,0,2022,7,2,22,32,28,417504,42,39.493282,-104.760467
568,0,0,0,0,0,0,2022,7,2,22,32,28,417504,42,39.493282,-104.760467
568,0,0,0,0,0,0,2022,7,2,22,32,28,622033,1,39.493269,-104.760473
568,0,0,0,0,0,0,2022,7,2,22,32,28,622033,1,39.493269,-104.760473
568,0,0,0,0,0,0,2022,7,2,22,32,28,622033,1,39.493269,-104.760473
568,0,0,0,0,0,0,2022,7,2,22,32,28,622033,42,39.493269,-104.760473
568,0,0,0,0,0,0,2022,7,2,22,32,28,622033,42,39.493269,-104.760473
568,0,0,0,0,0,0,2022,7,2,22,32,28,622033,42,39.493269,-104.760473
568,0,0,0,0,0,0,2022,7,2,22,32,28,622033,42,39.493269,-104.760473
568,0,0,0,0,0,0,2022,7,2,22,32,28,622033,42,39.493269,-104.760473
568,0,0,0,0,0,0,2022,7,2,22,32,28,622033,42,39.493269,-104.760473
568,0,0,0,0,0,0,2022,7,2,22,32,28,622033,42,39.493269,-104.760473
568,0,0,0,0,0,0,2022,7,2,22,32,28,826637,1,39.493257,-104.760479
568,0,0,0,0,0,0,2022,7,2,22,32,28,826637,1,39.493257,-104.760479
568,0,0,0,0,0,0,2022,7,2,22,32,28,826637,1,39.493257,-104.760479
568,0,0,0,0,0,0,2022,7,2,22,32,28,826637,42,39.493257,-104.760479
568,0,0,0,0,0,0,2022,7,2,22,32,28,826637,42,39.493257,-104.760479
568,0,0,0,0,0,0,2022,7,2,22,32,28,826637,42,39.493257,-104.760479
568,0,0,0,0,0,0,2022,7,2,22,32,28,826637,42,39.493257,-104.760479
568,0,0,0,0,0,0,2022,7,2,22,32,28,826637,42,39.493257,-104.760479
568,0,0,0,0,0,0,2022,7,2,22,32,28,826637,42,39.493257,-104.760479
568,0,0,0,0,0,0,2022,7,2,22,32,28,826637,42,39.493257,-104.760479
568,0,0,0,0,0,0,2022,7,2,22,32,29,31071,1,39.493245,-104.760486
568,0,0,0,0,0,0,2022,7,2,22,32,29,31071,1,39.493245,-104.760486
568,0,0,0,0,0,0,2022,7,2,22,32,29,31071,1,39.493245,-104.760486
568,0,0,0,0,0,0,2022,7,2,22,32,29,31071,42,39.493245,-104.760486
568,0,0,0,0,0,0,2022,7,2,22,32,29,31071,42,39.493245,-104.760486
568,0,0,0,0,0,0,2022,7,2,22,32,29,31071,42,39.493245,-104.760486
568,0,0,0,0,0,0,2022,7,2,22,32,29,31071,42,39.493245,-104.760486
568,0,0,0,0,0,0,2022,7,2,22,32,29,31071,42,39.493245,-104.760486
568,0,0,0,0,0,0,2022,7,2,22,32,29,31071,42,39.493245,-104.760486
568,0,0,0,0,0,0,2022,7,2,22,32,29,31071,42,39.493245,-104.760486
568,0,0,0,0,0,0,2022,7,2,22,32,29,31071,42,39.493245,-104.760486
568,0,0,0,0,0,0,2022,7,2,22,32,29,238885,1,39.493234,-104.760494
568,0,0,0,0,0,0,2022,7,2,22,32,29,238885,1,39.493234,-104.760494
568,0,0,0,0,0,0,2022,7,2,22,32,29,238885,42,39.493234,-104.760494
568,0,0,0,0,0,0,2022,7,2,22,32,29,238885,42,39.493234,-104.760494
568,0,0,0,0,0,0,2022,7,2,22,32,29,238885,42,39.493234,-104.760494
568,0,0,0,0,0,0,2022,7,2,22,32,29,238885,42,39.493234,-104.760494
568,0,0,0,0,0,0,2022,7,2,22,32,29,238885,42,39.493234,-104.760494
568,0,0,0,0,0,0,2022,7,2,22,32,29,238885,42,39.493234,-104.760494
568,0,0,0,0,0,0,2022,7,2,22,32,29,238885,42,39.493234,-104.760494
568,0,0,0,0,0,0,2022,7,2,22,32,29,238885,42,39.493234,-104.760494
568,0,0,0,0,0,0,2022,7,2,22,32,29,439929,1,39.493224,-104.760502
568,0,0,0,0,0,0,2022,7,2,22,32,29,439929,1,39.493224,-104.760502
568,0,0,0,0,0,0,2022,7,2,22,32,29,439929,1,39.493224,-104.760502
569,0,0,0,0,0,0,2022,7,2,22,32,29,439929,42,39.493224,-104.760502
569,0,0,0,0,0,0,2022,7,2,22,32,29,439929,42,39.493224,-104.760502
569,0,0,0,0,0,0,2022,7,2,22,32,29,439929,42,39.493224,-104.760502
569,0,0,0,0,0,0,2022,7,2,22,32,29,439929,42,39.493224,-104.760502
569,0,0,0,0,0,0,2022,7,2,22,32,29,439929,42,39.493224,-104.760502
569,0,0,0,0,0,0,2022,7,2,22,32,29,439929,42,39.493224,-104.760502
569,0,0,0,0,0,0,2022,7,2,22,32,29,439929,42,39.493224,-104.760502
569,0,0,0,0,0,0,2022,7,2,22,32,29,644541,1,39.493215,-104.760510
569,0,0,0,0,0,0,2022,7,2,22,32,29,644541,1,39.493215,-104.760510
569,0,0,0,0,0,0,2022,7,2,22,32,29,644541,1,39.493215,-104.760510
569,0,0,0,0,0,0,2022,7,2,22,32,29,644541,42,39.493215,-104.760510
569,0,0,0,0,0,0,2022,7,2,22,32,29,644541,42,39.493215,-104.760510
569,0,0,0,0,0,0,2022,7,2,22,32,29,644541,42,39.493215,-104.760510
569,0,0,0,0,0,0,2022,7,2,22,32,29,644541,42,39.493215,-104.760510
569,0,0,0,0,0,0,2022,7,2,22,32,29,644541,42,39.493215,-104.760510
569,0,0,0,0,0,0,2022,7,2,22,32,29,644541,42,39.493215,-104.760510
569,0,0,0,0,0,0,2022,7,2,22,32,29,644541,42,39.493215,-104.760510
569,0,0,0,0,0,0,2022,7,2,22,32,29,848780,1,39.493206,-104.760519
569,0,0,0,0,0,0,2022,7,2,22,32,29,848780,1,39.493206,-104.760519
569,0,0,0,0,0,0,2022,7,2,22,32,29,848780,1,39.493206,-104.760519
569,0,0,0,0,0,0,2022,7,2,22,32,29,848780,42,39.493206,-104.760519
569,0,0,0,0,0,0,2022,7,2,22,32,29,848780,42,39.493206,-104.760519
569,0,0,0,0,0,0,2022,7,2,22,32,29,848780,42,39.493206,-104.760519
569,0,0,0,0,0,0,2022,7,2,22,32,29,848780,42,39.493206,-104.760519
569,0,0,0,0,0,0,2022,7,2,22,32,29,848780,42,39.493206,-104.760519
569,0,0,0,0,0,0,2022,7,2,22,32,29,848780,42,39.493206,-104.760519
569,0,0,0,0,0,0,2022,7,2,22,32,29,848780,42,39.493206,-104.760519
569,0,0,0,0,0,0,2022,7,2,22,32,29,848780,42,39.493206,-104.760519
569,0,0,0,0,0,0,2022,7,2,22,32,30,53487,1,39.493198,-104.760530
569,0,0,0,0,0,0,2022,7,2,22,32,30,53487,1,39.493198,-104.760530
569,0,0,0,0,0,0,2022,7,2,22,32,30,53487,42,39.493198,-104.760530
569,0,0,0,0,0,0,2022,7,2,22,32,30,53487,42,39.493198,-104.760530
569,0,0,0,0,0,0,2022,7,2,22,32,30,53487,42,39.493198,-104.760530
569,0,0,0,0,0,0,2022,7,2,22,32,30,53487,42,39.493198,-104.760530
569,0,0,0,0,0,0,2022,7,2,22,32,30,53487,42,39.493198,-104.760530
569,0,0,0,0,0,0,2022,7,2,22,32,30,53487,42,39.493198,-104.760530
569,0,0,0,0,0,0,2022,7,2,22,32,30,53487,42,39.493198,-104.760530
569,0,0,0,0,0,0,2022,7,2,22,32,30,53487,42,39.493198,-104.760530
569,0,0,0,0,0,0,2022,7,2,22,32,30,257646,1,39.493191,-104.760541
569,0,0,0,0,0,0,2022,7,2,22,32,30,257646,1,39.493191,-104.760541
569,0,0,0,0,0,0,2022,7,2,22,32,30,257646,1,39.493191,-104.760541
569,0,0,0,0,0,0,2022,7,2,22,32,30,257646,42,39.493191,-104.760541
569,0,0,0,0,0,0,2022,7,2,22,32,30,257646,42,39.493191,-104.760541
569,0,0,0,0,0,0,2022,7,2,22,32,30,257646,42,39.493191,-104.760541
569,0,0,0,0,0,0,2022,7,2,22,32,30,257646,42,39.493191,-104.760541
569,0,0,0,0,0,0,2022,7,2,22,32,30,257646,42,39.493191,-104.760541
569,0,0,0,0,0,0,2022,7,2,22,32,30,257646,42,39.493191,-104.760541
569,0,0,0,0,0,0,2022,7,2,22,32,30,257646,42,39.493191,-104.760541
569,0,0,0,0,0,0,2022,7,2,22,32,30,465123,1,39.493184,-104.760553
569,0,0,0,0,0,0,2022,7,2,22,32,30,465123,1,39.493184,-104.760553
570,0,0,0,0,0,0,2022,7,2,22,32,30,465123,1,39.493184,-104.760553
570,0,0,0,0,0,0,2022,7,2,22,32,30,465123,42,39.493184,-104.760553
570,0,0,0,0,0,0,2022,7,2,22,32,30,465123,42,39.493184,-104.760553
570,0,0,0,0,0,0,2022,7,2,22,32,30,465123,42,39.493184,-104.760553
570,0,0,0,0,0,0,2022,7,2,22,32,30,465123,42,39.493184,-104.760553
570,0,0,0,0,0,0,2022,7,2,22,32,30,465123,42,39.493184,-104.760553
570,0,0,0,0,0,0,2022,7,2,22,32,30,465123,42,39.493184,-104.760553
570,0,0,0,0,0,0,2022,7,2,22,32,30,465123,42,39.493184,-104.760553
570,0,0,0,0,0,0,2022,7,2,22,32,30,665925,1,39.493177,-104.760565
570,0,0,0,0,0,0,2022,7,2,22,32,30,665925,1,39.493177,-104.760565
570,0,0,0,0,0,0,2022,7,2,22,32,30,665925,1,39.493177,-104.760565
570,0,0,0,0,0,0,2022,7,2,22,32,30,665925,42,39.493177,-104.760565
570,0,0,0,0,0,0,2022,7,2,22,32,30,665925,42,39.493177,-104.760565
570,0,0,0,0,0,0,2022,7,2,22,32,30,665925,42,39.493177,-104.760565
570,0,0,0,0,0,0,2022,7,2,22,32,30,665925,42,39.493177,-104.760565
570,0,0,0,0,0,0,2022,7,2,22,32,30,665925,42,39.493177,-104.760565
570,0,0,0,0,0,0,2022,7,2,22,32,30,665925,42,39.493177,-104.760565
570,0,0,0,0,0,0,2022,7,2,22,32,30,665925,42,39.493177,-104.760565
570,0,0,0,0,0,0,2022,7,2,22,32,30,870319,1,39.493169,-104.760578
570,0,0,0,0,0,0,2022,7,2,22,32,30,870319,1,39.493169,-104.760578
570,0,0,0,0,0,0,2022,7,2,22,32,30,870319,1,39.493169,-104.760578
570,0,0,0,0,0,0,2022,7,2,22,32,30,870319,42,39.493169,-104.760578
570,0,0,0,0,0,0,2022,7,2,22,32,30,870319,42,39.493169,-104.760578
570,0,0,0,0,0,0,2022,7,2,22,32,30,870319,42,39.493169,-104.760578
570,0,0,0,0,0,0,2022,7,2,22,32,30,870319,42,39.493169,-104.760578
570,0,0,0,0,0,0,2022,7,2,22,32,30,870319,42,39.493169,-104.760578
570,0,0,0,0,0,0,2022,7,2,22,32,30,870319,42,39.493169,-104.760578
570,0,0,0,0,0,0,2022,7,2,22,32,30,870319,42,39.493169,-104.760578
570,0,0,0,0,0,0,2022,7,2,22,32,30,870319,42,39.493169,-104.760578
570,0,0,0,0,0,0,2022,7,2,22,32,31,74234,1,39.493161,-104.760592
570,0,0,0,0,0,0,2022,7,2,22,32,31,74234,1,39.493161,-104.760592
570,0,0,0,0,0,0,2022,7,2,22,32,31,74234,42,39.493161,-104.760592
570,0,0,0,0,0,0,2022,7,2,22,32,31,74234,42,39.493161,-104.760592
570,0,0,0,0,0,0,2022,7,2,22,32,31,74234,42,39.493161,-104.760592
570,0,0,0,0,0,0,2022,7,2,22,32,31,74234,42,39.493161,-104.760592
570,0,0,0,0,0,0,2022,7,2,22,32,31,74234,42,39.493161,-104.760592
570,0,0,0,0,0,0,2022,7,2,22,32,31,74234,42,39.493161,-104.760592
570,0,0,0,0,0,0,2022,7,2,22,32,31,74234,42,39.493161,-104.760592
570,0,0,0,0,0,0,2022,7,2,22,32,31,74234,42,39.493161,-104.760592
570,0,0,0,0,0,0,2022,7,2,22,32,31,278842,1,39.493154,-104.760606
570,0,0,0,0,0,0,2022,7,2,22,32,31,278842,1,39.493154,-104.760606
570,0,0,0,0,0,0,2022,7,2,22,32,31,278842,1,39.493154,-104.760606
570,0,0,0,0,0,0,2022,7,2,22,32,31,278842,42,39.493154,-104.760606
570,0,0,0,0,0,0,2022,7,2,22,32,31,278842,42,39.493154,-104.760606
570,0,0,0,0,0,0,2022,7,2,22,32,31,278842,42,39.493154,-104.760606
570,0,0,0,0,0,0,2022,7,2,22,32,31,278842,42,39.493154,-104.760606
570,0,0,0,0,0,0,2022,7,2,22,32,31,278842,42,39.493154,-104.760606
570,0,0,0,0,0,0,2022,7,2,22,32,31,278842,42,39.493154,-104.760606
570,0,0,0,0,0,0,2022,7,2,22,32,31,278842,42,39.493154,-104.760606
570,0,0,0,0,0,0,2022,7,2,22,32,31,482330,1,39.493148,-104.760622
571,0,0,0,0,0,0,2022,7,2,22,32,31,482330,1,39.493148,-104.760622
571,0,0,0,0,0,0,2022,7,2,22,32,31,482330,1,39.493148,-104.760622
571,0,0,0,0,0,0,2022,7,2,22,32,31,482330,42,39.493148,-104.760622
571,0,0,0,0,0,0,2022,7,2,22,32,31,482330,42,39.493148,-104.760622
571,0,0,0,0,0,0,2022,7,2,22,32,31,482330,42,39.493148,-104.760622
571,0,0,0,0,0,0,2022,7,2,22,32,31,482330,42,39.493148,-104.760622
571,0,0,0,0,0,0,2022,7,2,22,32,31,482330,42,39.493148,-104.760622
571,0,0,0,0,0,0,2022,7,2,22,32,31,482330,42,39.493148,-104.760622
571,0,0,0,0,0,0,2022,7,2,22,32,31,482330,42,39.493148,-104.760622
571,0,0,0,0,0,0,2022,7,2,22,32,31,690077,1,39.493142,-104.760638
571,0,0,0,0,0,0,2022,7,2,22,32,31,690077,1,39.493142,-104.760638
571,0,0,0,0,0,0,2022,7,2,22,32,31,690077,1,39.493142,-104.760638
571,0,0,0,0,0,0,2022,7,2,22,32,31,690077,1,39.493142,-104.760638
571,0,0,0,0,0,0,2022,7,2,22,32,31,690077,1,39.493142,-104.760638
571,0,0,0,0,0,0,2022,7,2,22,32,31,787005,1,39.493135,-104.760656
571,0,0,0,0,0,0,2022,7,2,22,32,31,787005,1,39.493135,-104.760656
571,0,0,0,0,0,0,2022,7,2,22,32,31,787005,1,39.493135,-104.760656
571,0,0,0,0,0,0,2022,7,2,22,32,31,787005,42,39.493135,-104.760656
571,0,0,0,0,0,0,2022,7,2,22,32,31,787005,42,39.493135,-104.760656
571,0,0,0,0,0,0,2022,7,2,22,32,31,787005,42,39.493135,-104.760656
571,0,0,0,0,0,0,2022,7,2,22,32,31,787005,42,39.493135,-104.760656
571,0,0,0,0,0,0,2022,7,2,22,32,31,787005,42,39.493135,-104.760656
571,0,0,0,0,0,0,2022,7,2,22,32,31,787005,42,39.493135,-104.760656
571,0,0,0,0,0,0,2022,7,2,22,32,31,787005,42,39.493135,-104.760656
571,0,0,0,0,0,0,2022,7,2,22,32,31,992564,1,39.493129,-104.760674
571,0,0,0,0,0,0,2022,7,2,22,32,31,992564,1,39.493129,-104.760674
571,0,0,0,0,0,0,2022,7,2,22,32,31,992564,1,39.493129,-104.760674
571,0,0,0,0,0,0,2022,7,2,22,32,31,992564,42,39.493129,-104.760674
571,0,0,0,0,0,0,2022,7,2,22,32,31,992564,42,39.493129,-104.760674
571,0,0,0,0,0,0,2022,7,2,22,32,31,992564,42,39.493129,-104.760674
571,0,0,0,0,0,0,2022,7,2,22,32,31,992564,42,39.493129,-104.760674
571,0,0,0,0,0,0,2022,7,2,22,32,31,992564,42,39.493129,-104.760674
571,0,0,0,0,0,0,2022,7,2,22,32,31,992564,42,39.493129,-104.760674
571,0,0,0,0,0,0,2022,7,2,22,32,31,992564,42,39.493129,-104.760674
571,0,0,0,0,0,0,2022,7,2,22,32,31,992564,42,39.493129,-104.760674
571,0,0,0,0,0,0,2022,7,2,22,32,32,197329,1,39.493127,-104.760693
571,0,0,0,0,0,0,2022,7,2,22,32,32,197329,1,39.493127,-104.760693
571,0,0,0,0,0,0,2022,7,2,22,32,32,197329,42,39.493127,-104.760693
571,0,0,0,0,0,0,2022,7,2,22,32,32,197329,42,39.493127,-104.760693
571,0,0,0,0,0,0,2022,7,2,22,32,32,197329,42,39.493127,-104.760693
571,0,0,0,0,0,0,2022,7,2,22,32,32,197329,42,39.493127,-104.760693
571,0,0,0,0,0,0,2022,7,2,22,32,32,197329,42,39.493127,-104.760693
571,0,0,0,0,0,0,2022,7,2,22,32,32,197329,42,39.493127,-104.760693
571,0,0,0,0,0,0,2022,7,2,22,32,32,197329,42,39.493127,-104.760693
571,0,0,0,0,0,0,2022,7,2,22,32,32,197329,42,39.493127,-104.760693
571,0,0,0,0,0,0,2022,7,2,22,32,32,401850,1,39.493125,-104.760712
571,0,0,0,0,0,0,2022,7,2,22,32,32,401850,1,39.493125,-104.760712
571,0,0,0,0,0,0,2022,7,2,22,32,32,401850,1,39.493125,-104.760712
571,0,0,0,0,0,0,2022,7,2,22,32,32,401850,42,39.493125,-104.760712
571,0,0,0,0,0,0,2022,7,2,22,32,32,401850,42,39.493125,-104.760712
572,0,0,0,0,0,0,2022,7,2,22,32,32,401850,42,39.493125,-104.760712
572,0,0,0,0,0,0,2022,7,2,22,32,32,401850,42,39.493125,-104.760712
572,0,0,0,0,0,0,2022,7,2,22,32,32,401850,42,39.493125,-104.760712
572,0,0,0,0,0,0,2022,7,2,22,32,32,401850,42,39.493125,-104.760712
572,0,0,0,0,0,0,2022,7,2,22,32,32,401850,42,39.493125,-104.760712
572,0,0,0,0,0,0,2022,7,2,22,32,32,605852,1,39.493122,-104.760732
572,0,0,0,0,0,0,2022,7,2,22,32,32,605852,1,39.493122,-104.760732
572,0,0,0,0,0,0,2022,7,2,22,32,32,605852,1,39.493122,-104.760732
572,0,0,0,0,0,0,2022,7,2,22,32,32,605852,42,39.493122,-104.760732
572,0,0,0,0,0,0,2022,7,2,22,32,32,605852,42,39.493122,-104.760732
572,0,0,0,0,0,0,2022,7,2,22,32,32,605852,42,39.493122,-104.760732
572,0,0,0,0,0,0,2022,7,2,22,32,32,605852,42,39.493122,-104.760732
572,0,0,0,0,0,0,2022,7,2,22,32,32,605852,42,39.493122,-104.760732
572,0,0,0,0,0,0,2022,7,2,22,32,32,605852,42,39.493122,-104.760732
572,0,0,0,0,0,0,2022,7,2,22,32,32,605852,42,39.493122,-104.760732
572,0,0,0,0,0,0,2022,7,2,22,32,32,810647,1,39.493121,-104.760753
572,0,0,0,0,0,0,2022,7,2,22,32,32,810647,1,39.493121,-104.760753
572,0,0,0,0,0,0,2022,7,2,22,32,32,810647,1,39.493121,-104.760753
572,0,0,0,0,0,0,2022,7,2,22,32,32,810647,42,39.493121,-104.760753
572,0,0,0,0,0,0,2022,7,2,22,32,32,810647,42,39.493121,-104.760753
572,0,0,0,0,0,0,2022,7,2,22,32,32,810647,42,39.493121,-104.760753
572,0,0,0,0,0,0,2022,7,2,22,32,32,810647,42,39.493121,-104.760753
572,0,0,0,0,0,0,2022,7,2,22,32,32,810647,42,39.493121,-104.760753
572,0,0,0,0,0,0,2022,7,2,22,32,32,810647,42,39.493121,-104.760753
572,0,0,0,0,0,0,2022,7,2,22,32,32,810647,42,39.493121,-104.760753
572,0,0,0,0,0,0,2022,7,2,22,32,32,810647,42,39.493121,-104.760753
572,0,0,0,0,0,0,2022,7,2,22,32,33,14858,1,39.493121,-104.760774
572,0,0,0,0,0,0,2022,7,2,22,32,33,14858,1,39.493121,-104.760774
572,0,0,0,0,0,0,2022,7,2,22,32,33,14858,42,39.493121,-104.760774
572,0,0,0,0,0,0,2022,7,2,22,32,33,14858,42,39.493121,-104.760774
572,0,0,0,0,0,0,2022,7,2,22,32,33,14858,42,39.493121,-104.760774
572,0,0,0,0,0,0,2022,7,2,22,32,33,14858,42,39.493121,-104.760774
572,0,0,0,0,0,0,2022,7,2,22,32,33,14858,42,39.493121,-104.760774
572,0,0,0,0,0,0,2022,7,2,22,32,33,14858,42,39.493121,-104.760774
572,0,0,0,0,0,0,2022,7,2,22,32,33,14858,42,39.493121,-104.760774
572,0,0,0,0,0,0,2022,7,2,22,32,33,14858,42,39.493121,-104.760774
572,0,0,0,0,0,0,2022,7,2,22,32,33,219414,1,39.493122,-104.760794
572,0,0,0,0,0,0,2022,7,2,22,32,33,219414,1,39.493122,-104.760794
572,0,0,0,0,0,0,2022,7,2,22,32,33,219414,1,39.493122,-104.760794
572,0,0,0,0,0,0,2022,7,2,22,32,33,219414,42,39.493122,-104.760794
572,0,0,0,0,0,0,2022,7,2,22,32,33,219414,42,39.493122,-104.760794
572,0,0,0,0,0,0,2022,7,2,22,32,33,219414,42,39.493122,-104.760794
572,0,0,0,0,0,0,2022,7,2,22,32,33,219414,42,39.493122,-104.760794
572,0,0,0,0,0,0,2022,7,2,22,32,33,219414,42,39.493122,-104.760794
572,0,0,0,0,0,0,2022,7,2,22,32,33,219414,42,39.493122,-104.760794
572,0,0,0,0,0,0,2022,7,2,22,32,33,219414,42,39.493122,-104.760794
572,0,0,0,0,0,0,2022,7,2,22,32,33,423782,1,39.493122,-104.760815
572,0,0,0,0,0,0,2022,7,2,22,32,33,423782,1,39.493122,-104.760815
572,0,0,0,0,0,0,2022,7,2,22,32,33,423782,1,39.493122,-104.760815
572,0,0,0,0,0,0,2022,7,2,22,32,33,423782,42,39.493122,-104.760815
573,0,0,0,0,0,0,2022,7,2,22,32,33,423782,42,39.493122,-104.760815
573,0,0,0,0,0,0,2022,7,2,22,32,33,423782,42,39.493122,-104.760815
573,0,0,0,0,0,0,2022,7,2,22,32,33,423782,42,39.493122,-104.760815
573,0,0,0,0,0,0,2022,7,2,22,32,33,423782,42,39.493122,-104.760815
573,0,0,0,0,0,0,2022,7,2,22,32,33,423782,42,39.493122,-104.760815
573,0,0,0,0,0,0,2022,7,2,22,32,33,423782,42,39.493122,-104.760815
573,0,0,0,0,0,0,2022,7,2,22,32,33,628036,1,39.493123,-104.760836
573,0,0,0,0,0,0,2022,7,2,22,32,33,628036,1,39.493123,-104.760836
573,0,0,0,0,0,0,2022,7,2,22,32,33,628036,1,39.493123,-104.760836
573,0,0,0,0,0,0,2022,7,2,22,32,33,628036,42,39.493123,-104.760836
573,0,0,0,0,0,0,2022,7,2,22,32,33,628036,42,39.493123,-104.760836
573,0,0,0,0,0,0,2022,7,2,22,32,33,628036,42,39.493123,-104.760836
573,0,0,0,0,0,0,2022,7,2,22,32,33,628036,42,39.493123,-104.760836
573,0,0,0,0,0,0,2022,7,2,22,32,33,628036,42,39.493123,-104.760836
573,0,0,0,0,0,0,2022,7,2,22,32,33,628036,42,39.493123,-104.760836
573,0,0,0,0,0,0,2022,7,2,22,32,33,628036,42,39.493123,-104.760836
573,0,0,0,0,0,0,2022,7,2,22,32,33,832244,1,39.493123,-104.760856
573,0,0,0,0,0,0,2022,7,2,22,32,33,832244,1,39.493123,-104.760856
573,0,0,0,0,0,0,2022,7,2,22,32,33,832244,1,39.493123,-104.760856
573,0,0,0,0,0,0,2022,7,2,22,32,33,832244,42,39.493123,-104.760856
573,0,0,0,0,0,0,2022,7,2,22,32,33,832244,42,39.493123,-104.760856
573,0,0,0,0,0,0,2022,7,2,22,32,33,832244,42,39.493123,-104.760856
573,0,0,0,0,0,0,2022,7,2,22,32,33,832244,42,39.493123,-104.760856
573,0,0,0,0,0,0,2022,7,2,22,32,33,832244,42,39.493123,-104.760856
573,0,0,0,0,0,0,2022,7,2,22,32,33,832244,42,39.493123,-104.760856
573,0,0,0,0,0,0,2022,7,2,22,32,33,832244,42,39.493123,-104.760856
573,0,0,0,0,0,0,2022,7,2,22,32,33,832244,42,39.493123,-104.760856
573,0,0,0,0,0,0,2022,7,2,22,32,34,36907,1,39.493123,-104.760878
573,0,0,0,0,0,0,2022,7,2,22,32,34,36907,1,39.493123,-104.760878
573,0,0,0,0,0,0,2022,7,2,22,32,34,36907,1,39.493123,-104.760878
573,0,0,0,0,0,0,2022,7,2,22,32,34,36907,42,39.493123,-104.760878
573,0,0,0,0,0,0,2022,7,2,22,32,34,36907,42,39.493123,-104.760878
573,0,0,0,0,0,0,2022,7,2,22,32,34,36907,42,39.493123,-104.760878
573,0,0,0,0,0,0,2022,7,2,22,32,34,36907,42,39.493123,-104.760878
573,0,0,0,0,0,0,2022,7,2,22,32,34,36907,42,39.493123,-104.760878
573,0,0,0,0,0,0,2022,7,2,22,32,34,36907,42,39.493123,-104.760878
573,0,0,0,0,0,0,2022,7,2,22,32,34,36907,42,39.493123,-104.760878
573,0,0,0,0,0,0,2022,7,2,22,32,34,241347,1,39.493124,-104.760899
573,0,0,0,0,0,0,2022,7,2,22,32,34,241347,1,39.493124,-104.760899
